Number,Name,Email,Date
1,Name_1,Email_1,2022-04-04 09:44:16.881705
2,Name_2,Email_2,2022-04-04 09:44:16.881705
3,Name_3,Email_3,2022-04-04 09:44:16.881705
4,Name_4,Email_4,2022-04-04 09:44:16.881705
5,Name_5,Email_5,2022-04-04 09:44:16.881705
6,Name_6,Email_6,2022-04-04 09:44:16.881705
7,Name_7,Email_7,2022-04-04 09:44:16.881705
8,Name_8,Email_8,2022-04-04 09:44:16.881705
9,Name_9,Email_9,2022-04-04 09:44:16.881705
10,Name_10,Email_10,2022-04-04 09:44:16.881705
11,Name_11,Email_11,2022-04-04 09:44:16.881705
12,Name_12,Email_12,2022-04-04 09:44:16.881705
13,Name_13,Email_13,2022-04-04 09:44:16.881705
14,Name_14,Email_14,2022-04-04 09:44:16.881705
15,Name_15,Email_15,2022-04-04 09:44:16.881705
16,Name_16,Email_16,2022-04-04 09:44:16.881705
17,Name_17,Email_17,2022-04-04 09:44:16.881705
18,Name_18,Email_18,2022-04-04 09:44:16.881705
19,Name_19,Email_19,2022-04-04 09:44:16.881705
20,Name_20,Email_20,2022-04-04 09:44:16.881705
21,Name_21,Email_21,2022-04-04 09:44:16.881705
22,Name_22,Email_22,2022-04-04 09:44:16.881705
23,Name_23,Email_23,2022-04-04 09:44:16.881705
24,Name_24,Email_24,2022-04-04 09:44:16.881705
25,Name_25,Email_25,2022-04-04 09:44:16.881705
26,Name_26,Email_26,2022-04-04 09:44:16.881705
27,Name_27,Email_27,2022-04-04 09:44:16.881705
28,Name_28,Email_28,2022-04-04 09:44:16.881705
29,Name_29,Email_29,2022-04-04 09:44:16.881705
30,Name_30,Email_30,2022-04-04 09:44:16.881705
31,Name_31,Email_31,2022-04-04 09:44:16.881705
32,Name_32,Email_32,2022-04-04 09:44:16.881705
33,Name_33,Email_33,2022-04-04 09:44:16.881705
34,Name_34,Email_34,2022-04-04 09:44:16.881705
35,Name_35,Email_35,2022-04-04 09:44:16.881705
36,Name_36,Email_36,2022-04-04 09:44:16.881705
37,Name_37,Email_37,2022-04-04 09:44:16.881705
38,Name_38,Email_38,2022-04-04 09:44:16.881705
39,Name_39,Email_39,2022-04-04 09:44:16.881705
40,Name_40,Email_40,2022-04-04 09:44:16.881705
41,Name_41,Email_41,2022-04-04 09:44:16.881705
42,Name_42,Email_42,2022-04-04 09:44:16.881705
43,Name_43,Email_43,2022-04-04 09:44:16.881705
44,Name_44,Email_44,2022-04-04 09:44:16.881705
45,Name_45,Email_45,2022-04-04 09:44:16.881705
46,Name_46,Email_46,2022-04-04 09:44:16.881705
47,Name_47,Email_47,2022-04-04 09:44:16.881705
48,Name_48,Email_48,2022-04-04 09:44:16.881705
49,Name_49,Email_49,2022-04-04 09:44:16.881705
50,Name_50,Email_50,2022-04-04 09:44:16.881705
51,Name_51,Email_51,1990
52,Name_52,Email_52,1988
53,Name_53,Email_53,1987
54,Name_54,Email_54,1981
55,Name_55,Email_55,1984
56,Name_56,Email_56,1986
57,Name_57,Email_57,1985
58,Name_58,Email_58,1982
59,Name_59,Email_59,1989
60,Name_60,Email_60,1983
61,Name_61,Email_61,1984
62,Name_62,Email_62,1983
63,Name_63,Email_63,1983
64,Name_64,Email_64,1988
65,Name_65,Email_65,1990
66,Name_66,Email_66,1980
67,Name_67,Email_67,1981
68,Name_68,Email_68,1982
69,Name_69,Email_69,1986
70,Name_70,Email_70,1981
71,Name_71,Email_71,1990
72,Name_72,Email_72,1987
73,Name_73,Email_73,1982
74,Name_74,Email_74,1985
75,Name_75,Email_75,1980
76,Name_76,Email_76,1986
77,Name_77,Email_77,1987
78,Name_78,Email_78,1987
79,Name_79,Email_79,1983
80,Name_80,Email_80,1983
81,Name_81,Email_81,1980
82,Name_82,Email_82,1988
83,Name_83,Email_83,1984
84,Name_84,Email_84,1984
85,Name_85,Email_85,1989
86,Name_86,Email_86,1981
87,Name_87,Email_87,1980
88,Name_88,Email_88,1982
89,Name_89,Email_89,1989
90,Name_90,Email_90,1987
91,Name_91,Email_91,1982
92,Name_92,Email_92,1981
93,Name_93,Email_93,1990
94,Name_94,Email_94,1983
95,Name_95,Email_95,1985
96,Name_96,Email_96,1987
97,Name_97,Email_97,1980
98,Name_98,Email_98,1990
99,Name_99,Email_99,1987
100,Name_100,Email_100,1987
101,Name_101,Email_101,2000
102,Name_102,Email_102,1999
103,Name_103,Email_103,1998
104,Name_104,Email_104,1994
105,Name_105,Email_105,1993
106,Name_106,Email_106,1999
107,Name_107,Email_107,1999
108,Name_108,Email_108,2000
109,Name_109,Email_109,1991
110,Name_110,Email_110,1992
111,Name_111,Email_111,1991
112,Name_112,Email_112,1991
113,Name_113,Email_113,2000
114,Name_114,Email_114,2000
115,Name_115,Email_115,1997
116,Name_116,Email_116,1991
117,Name_117,Email_117,1995
118,Name_118,Email_118,1997
119,Name_119,Email_119,1997
120,Name_120,Email_120,1993
121,Name_121,Email_121,1991
122,Name_122,Email_122,1994
123,Name_123,Email_123,1996
124,Name_124,Email_124,1996
125,Name_125,Email_125,1996
126,Name_126,Email_126,1991
127,Name_127,Email_127,1991
128,Name_128,Email_128,1999
129,Name_129,Email_129,2000
130,Name_130,Email_130,1994
131,Name_131,Email_131,1994
132,Name_132,Email_132,1991
133,Name_133,Email_133,1993
134,Name_134,Email_134,1993
135,Name_135,Email_135,1999
136,Name_136,Email_136,1991
137,Name_137,Email_137,1994
138,Name_138,Email_138,1997
139,Name_139,Email_139,1995
140,Name_140,Email_140,1993
141,Name_141,Email_141,1995
142,Name_142,Email_142,1993
143,Name_143,Email_143,1992
144,Name_144,Email_144,2000
145,Name_145,Email_145,1997
146,Name_146,Email_146,1998
147,Name_147,Email_147,1994
148,Name_148,Email_148,1992
149,Name_149,Email_149,1999
150,Name_150,Email_150,2000
151,Name_151,Email_151,2005
152,Name_152,Email_152,2010
153,Name_153,Email_153,2006
154,Name_154,Email_154,2009
155,Name_155,Email_155,2004
156,Name_156,Email_156,2010
157,Name_157,Email_157,2001
158,Name_158,Email_158,2008
159,Name_159,Email_159,2003
160,Name_160,Email_160,2002
161,Name_161,Email_161,2007
162,Name_162,Email_162,2005
163,Name_163,Email_163,2002
164,Name_164,Email_164,2002
165,Name_165,Email_165,2007
166,Name_166,Email_166,2009
167,Name_167,Email_167,2005
168,Name_168,Email_168,2001
169,Name_169,Email_169,2004
170,Name_170,Email_170,2007
171,Name_171,Email_171,2008
172,Name_172,Email_172,2010
173,Name_173,Email_173,2009
174,Name_174,Email_174,2004
175,Name_175,Email_175,2007
176,Name_176,Email_176,2003
177,Name_177,Email_177,2003
178,Name_178,Email_178,2001
179,Name_179,Email_179,2003
180,Name_180,Email_180,2001
181,Name_181,Email_181,2004
182,Name_182,Email_182,2009
183,Name_183,Email_183,2005
184,Name_184,Email_184,2005
185,Name_185,Email_185,2003
186,Name_186,Email_186,2010
187,Name_187,Email_187,2010
188,Name_188,Email_188,2003
189,Name_189,Email_189,2006
190,Name_190,Email_190,2009
191,Name_191,Email_191,2008
192,Name_192,Email_192,2003
193,Name_193,Email_193,2001
194,Name_194,Email_194,2010
195,Name_195,Email_195,2001
196,Name_196,Email_196,2007
197,Name_197,Email_197,2004
198,Name_198,Email_198,2006
199,Name_199,Email_199,2002
200,Name_200,Email_200,2001
201,Name_201,Email_201,2007
202,Name_202,Email_202,2001
203,Name_203,Email_203,2003
204,Name_204,Email_204,2007
205,Name_205,Email_205,2007
206,Name_206,Email_206,2010
207,Name_207,Email_207,2003
208,Name_208,Email_208,2007
209,Name_209,Email_209,2002
210,Name_210,Email_210,2007
211,Name_211,Email_211,2001
212,Name_212,Email_212,2004
213,Name_213,Email_213,2006
214,Name_214,Email_214,2005
215,Name_215,Email_215,2008
216,Name_216,Email_216,2004
217,Name_217,Email_217,2005
218,Name_218,Email_218,2002
219,Name_219,Email_219,2008
220,Name_220,Email_220,2005
221,Name_221,Email_221,2002
222,Name_222,Email_222,2008
223,Name_223,Email_223,2002
224,Name_224,Email_224,2008
225,Name_225,Email_225,2008
226,Name_226,Email_226,2001
227,Name_227,Email_227,2007
228,Name_228,Email_228,2001
229,Name_229,Email_229,2010
230,Name_230,Email_230,2008
231,Name_231,Email_231,2010
232,Name_232,Email_232,2005
233,Name_233,Email_233,2008
234,Name_234,Email_234,2003
235,Name_235,Email_235,2006
236,Name_236,Email_236,2010
237,Name_237,Email_237,2002
238,Name_238,Email_238,2007
239,Name_239,Email_239,2007
240,Name_240,Email_240,2003
241,Name_241,Email_241,2002
242,Name_242,Email_242,2009
243,Name_243,Email_243,2001
244,Name_244,Email_244,2007
245,Name_245,Email_245,2009
246,Name_246,Email_246,2001
247,Name_247,Email_247,2002
248,Name_248,Email_248,2007
249,Name_249,Email_249,2010
250,Name_250,Email_250,2002
251,Name_251,Email_251,2009
252,Name_252,Email_252,2006
253,Name_253,Email_253,2003
254,Name_254,Email_254,2001
255,Name_255,Email_255,2008
256,Name_256,Email_256,2006
257,Name_257,Email_257,2008
258,Name_258,Email_258,2008
259,Name_259,Email_259,2002
260,Name_260,Email_260,2007
261,Name_261,Email_261,2009
262,Name_262,Email_262,2002
263,Name_263,Email_263,2008
264,Name_264,Email_264,2001
265,Name_265,Email_265,2001
266,Name_266,Email_266,2006
267,Name_267,Email_267,2001
268,Name_268,Email_268,2005
269,Name_269,Email_269,2007
270,Name_270,Email_270,2009
271,Name_271,Email_271,2004
272,Name_272,Email_272,2001
273,Name_273,Email_273,2008
274,Name_274,Email_274,2009
275,Name_275,Email_275,2008
276,Name_276,Email_276,2008
277,Name_277,Email_277,2004
278,Name_278,Email_278,2003
279,Name_279,Email_279,2008
280,Name_280,Email_280,2006
281,Name_281,Email_281,2008
282,Name_282,Email_282,2001
283,Name_283,Email_283,2007
284,Name_284,Email_284,2002
285,Name_285,Email_285,2006
286,Name_286,Email_286,2006
287,Name_287,Email_287,2010
288,Name_288,Email_288,2010
289,Name_289,Email_289,2003
290,Name_290,Email_290,2005
291,Name_291,Email_291,2007
292,Name_292,Email_292,2008
293,Name_293,Email_293,2001
294,Name_294,Email_294,2009
295,Name_295,Email_295,2003
296,Name_296,Email_296,2006
297,Name_297,Email_297,2001
298,Name_298,Email_298,2006
299,Name_299,Email_299,2005
300,Name_300,Email_300,2009
301,Name_301,Email_301,2014
302,Name_302,Email_302,2016
303,Name_303,Email_303,2012
304,Name_304,Email_304,2019
305,Name_305,Email_305,2019
306,Name_306,Email_306,2017
307,Name_307,Email_307,2015
308,Name_308,Email_308,2013
309,Name_309,Email_309,2020
310,Name_310,Email_310,2020
311,Name_311,Email_311,2016
312,Name_312,Email_312,2018
313,Name_313,Email_313,2019
314,Name_314,Email_314,2021
315,Name_315,Email_315,2018
316,Name_316,Email_316,2013
317,Name_317,Email_317,2021
318,Name_318,Email_318,2011
319,Name_319,Email_319,2011
320,Name_320,Email_320,2016
321,Name_321,Email_321,2016
322,Name_322,Email_322,2021
323,Name_323,Email_323,2016
324,Name_324,Email_324,2016
325,Name_325,Email_325,2020
326,Name_326,Email_326,2015
327,Name_327,Email_327,2020
328,Name_328,Email_328,2019
329,Name_329,Email_329,2013
330,Name_330,Email_330,2014
331,Name_331,Email_331,2019
332,Name_332,Email_332,2019
333,Name_333,Email_333,2015
334,Name_334,Email_334,2020
335,Name_335,Email_335,2018
336,Name_336,Email_336,2016
337,Name_337,Email_337,2020
338,Name_338,Email_338,2011
339,Name_339,Email_339,2015
340,Name_340,Email_340,2017
341,Name_341,Email_341,2012
342,Name_342,Email_342,2021
343,Name_343,Email_343,2017
344,Name_344,Email_344,2011
345,Name_345,Email_345,2019
346,Name_346,Email_346,2015
347,Name_347,Email_347,2014
348,Name_348,Email_348,2014
349,Name_349,Email_349,2020
350,Name_350,Email_350,2021
351,Name_351,Email_351,2013
352,Name_352,Email_352,2014
353,Name_353,Email_353,2017
354,Name_354,Email_354,2011
355,Name_355,Email_355,2013
356,Name_356,Email_356,2020
357,Name_357,Email_357,2018
358,Name_358,Email_358,2011
359,Name_359,Email_359,2011
360,Name_360,Email_360,2011
361,Name_361,Email_361,2013
362,Name_362,Email_362,2018
363,Name_363,Email_363,2018
364,Name_364,Email_364,2013
365,Name_365,Email_365,2011
366,Name_366,Email_366,2012
367,Name_367,Email_367,2011
368,Name_368,Email_368,2013
369,Name_369,Email_369,2011
370,Name_370,Email_370,2018
371,Name_371,Email_371,2020
372,Name_372,Email_372,2014
373,Name_373,Email_373,2017
374,Name_374,Email_374,2018
375,Name_375,Email_375,2014
376,Name_376,Email_376,2012
377,Name_377,Email_377,2013
378,Name_378,Email_378,2011
379,Name_379,Email_379,2015
380,Name_380,Email_380,2015
381,Name_381,Email_381,2018
382,Name_382,Email_382,2018
383,Name_383,Email_383,2018
384,Name_384,Email_384,2012
385,Name_385,Email_385,2018
386,Name_386,Email_386,2019
387,Name_387,Email_387,2012
388,Name_388,Email_388,2016
389,Name_389,Email_389,2017
390,Name_390,Email_390,2014
391,Name_391,Email_391,2011
392,Name_392,Email_392,2013
393,Name_393,Email_393,2013
394,Name_394,Email_394,2019
395,Name_395,Email_395,2013
396,Name_396,Email_396,2016
397,Name_397,Email_397,2020
398,Name_398,Email_398,2017
399,Name_399,Email_399,2018
400,Name_400,Email_400,2012
401,Name_401,Email_401,2014
402,Name_402,Email_402,2020
403,Name_403,Email_403,2016
404,Name_404,Email_404,2013
405,Name_405,Email_405,2015
406,Name_406,Email_406,2015
407,Name_407,Email_407,2019
408,Name_408,Email_408,2016
409,Name_409,Email_409,2017
410,Name_410,Email_410,2015
411,Name_411,Email_411,2018
412,Name_412,Email_412,2017
413,Name_413,Email_413,2012
414,Name_414,Email_414,2017
415,Name_415,Email_415,2011
416,Name_416,Email_416,2011
417,Name_417,Email_417,2018
418,Name_418,Email_418,2016
419,Name_419,Email_419,2013
420,Name_420,Email_420,2020
421,Name_421,Email_421,2013
422,Name_422,Email_422,2019
423,Name_423,Email_423,2012
424,Name_424,Email_424,2013
425,Name_425,Email_425,2016
426,Name_426,Email_426,2020
427,Name_427,Email_427,2020
428,Name_428,Email_428,2012
429,Name_429,Email_429,2012
430,Name_430,Email_430,2018
431,Name_431,Email_431,2017
432,Name_432,Email_432,2016
433,Name_433,Email_433,2020
434,Name_434,Email_434,2018
435,Name_435,Email_435,2015
436,Name_436,Email_436,2020
437,Name_437,Email_437,2011
438,Name_438,Email_438,2011
439,Name_439,Email_439,2015
440,Name_440,Email_440,2012
441,Name_441,Email_441,2014
442,Name_442,Email_442,2016
443,Name_443,Email_443,2021
444,Name_444,Email_444,2015
445,Name_445,Email_445,2016
446,Name_446,Email_446,2017
447,Name_447,Email_447,2014
448,Name_448,Email_448,2018
449,Name_449,Email_449,2020
450,Name_450,Email_450,2021
